Player,Span,Mat,Inns,NO,Runs,HS,Ave,BF,SR,100,50,0,4s,6s,Year
DA Warner (SRH),2019-2019,12,12,2,692,100*,69.20,481,143.86,1,8,-,57,21,2019
KL Rahul (KXIP),2019-2019,14,14,3,593,100*,53.90,438,135.38,1,6,-,49,25,2019
Q de Kock (MI),2019-2019,16,16,1,529,81,35.26,398,132.91,-,4,1,45,25,2019
S Dhawan (DC),2019-2019,16,16,1,521,97*,34.73,384,135.67,-,5,1,64,11,2019
AD Russell (KKR),2019-2019,14,13,4,510,80*,56.66,249,204.81,-,4,1,31,52,2019
CH Gayle (KXIP),2019-2019,13,13,1,490,99*,40.83,319,153.60,-,4,-,45,34,2019
RR Pant (DC),2019-2019,16,16,3,488,78*,37.53,300,162.66,-,3,-,37,27,2019
V Kohli (RCB),2019-2019,14,14,-,464,100,33.14,328,141.46,1,2,-,46,13,2019
SS Iyer (DC),2019-2019,16,16,1,463,67,30.86,386,119.94,-,3,-,41,14,2019
JM Bairstow (SRH),2019-2019,10,10,2,445,114,55.62,283,157.24,1,2,1,48,18,2019
AB de Villiers (RCB),2019-2019,13,13,3,442,82*,44.20,287,154.00,-,5,-,31,26,2019
SA Yadav (MI),2019-2019,16,15,2,424,71*,32.61,324,130.86,-,2,-,45,10,2019
MS Dhoni (CSK),2019-2019,15,12,7,416,84*,83.20,309,134.62,-,3,-,22,23,2019
CA Lynn (KKR),2019-2019,13,13,-,405,82,31.15,290,139.65,-,4,2,41,22,2019
RG Sharma (MI),2019-2019,15,15,1,405,67,28.92,315,128.57,-,2,-,52,10,2019
HH Pandya (MI),2019-2019,16,15,6,402,91,44.66,210,191.42,-,1,1,28,29,2019
SR Watson (CSK),2019-2019,17,17,-,398,96,23.41,312,127.56,-,3,3,42,20,2019
F du Plessis (CSK),2019-2019,12,12,1,396,96,36.00,321,123.36,-,3,-,36,15,2019
AM Rahane (RR),2019-2019,14,13,1,393,105*,32.75,285,137.89,1,1,1,45,9,2019
SK Raina (CSK),2019-2019,17,17,1,383,59,23.93,314,121.97,-,3,1,45,9,2019
PA Patel (RCB),2019-2019,14,14,-,373,67,26.64,268,139.17,-,2,1,48,10,2019
PP Shaw (DC),2019-2019,16,16,-,353,99,22.06,264,133.71,-,2,1,45,9,2019
MK Pandey (SRH),2019-2019,12,11,3,344,83*,43.00,263,130.79,-,3,-,34,6,2019
N Rana (KKR),2019-2019,14,11,1,344,85*,34.40,235,146.38,-,3,1,27,21,2019
SV Samson (RR),2019-2019,12,12,2,342,102*,34.20,230,148.69,1,-,1,28,13,2019
MA Agarwal (KXIP),2019-2019,13,13,-,332,58,25.53,234,141.88,-,2,1,26,14,2019
SPD Smith (RR),2019-2019,12,10,2,319,73*,39.87,275,116.00,-,3,-,30,4,2019
JC Buttler (RR),2019-2019,8,8,-,311,89,38.87,205,151.70,-,3,-,38,14,2019
Shubman Gill (KKR),2019-2019,14,13,4,296,76,32.88,238,124.36,-,3,-,21,10,2019
RV Uthappa (KKR),2019-2019,12,11,2,282,67*,31.33,245,115.10,-,1,1,28,10,2019
AT Rayudu (CSK),2019-2019,17,17,5,282,57,23.50,303,93.06,-,1,2,20,7,2019
KA Pollard (MI),2019-2019,16,14,6,279,83,34.87,178,156.74,-,1,-,14,22,2019
KD Karthik (KKR),2019-2019,14,13,5,253,97*,31.62,173,146.24,-,2,-,22,14,2019
V Shankar (SRH),2019-2019,15,14,2,244,40*,20.33,193,126.42,-,-,-,11,12,2019
MM Ali (RCB),2019-2019,11,10,2,220,66,27.50,133,165.41,-,2,-,16,17,2019
DA Miller (KXIP),2019-2019,10,10,2,213,59*,26.62,164,129.87,-,1,-,19,7,2019
MP Stoinis (RCB),2019-2019,10,10,6,211,46*,52.75,156,135.25,-,-,2,14,10,2019
CA Ingram (DC),2019-2019,12,12,2,184,47,18.40,154,119.48,-,-,-,20,5,2019
KH Pandya (MI),2019-2019,16,15,4,183,42,16.63,150,122.00,-,-,1,18,5,2019
SN Khan (KXIP),2019-2019,8,5,1,180,67,45.00,143,125.87,-,1,-,19,4,2019
N Pooran (KXIP),2019-2019,7,6,-,168,48,28.00,107,157.00,-,-,-,9,14,2019
Mandeep Singh (KXIP),2019-2019,13,12,8,165,33*,41.25,120,137.50,-,-,1,10,4,2019
KM Jadhav (CSK),2019-2019,14,12,3,162,58,18.00,169,95.85,-,1,1,19,3,2019
R Parag (RR),2019-2019,7,5,-,160,50,32.00,126,126.98,-,1,-,17,5,2019
KS Williamson (SRH),2019-2019,9,9,2,156,70*,22.28,130,120.00,-,1,-,12,5,2019
SP Narine (KKR),2019-2019,12,9,1,143,47,17.87,86,166.27,-,-,-,17,9,2019
RA Tripathi (RR),2019-2019,8,7,1,141,50,23.50,118,119.49,-,1,-,13,2,2019
BA Stokes (RR),2019-2019,9,9,3,123,46,20.50,99,124.24,-,-,1,8,4,2019
Mohammad Nabi (SRH),2019-2019,8,7,1,115,31,19.16,76,151.31,-,-,-,8,7,2019
AR Patel (DC),2019-2019,14,12,6,110,26,18.33,88,125.00,-,-,1,10,3,2019
RA Jadeja (CSK),2019-2019,16,9,6,106,31*,35.33,88,120.45,-,-,-,7,4,2019
Ishan Kishan (MI),2019-2019,7,6,-,101,28,16.83,100,101.00,-,-,-,8,4,2019
Gurkeerat Singh (RCB),2019-2019,3,3,-,98,65,32.66,70,140.00,-,1,-,11,2,2019
Yuvraj Singh (MI),2019-2019,4,4,-,98,53,24.50,75,130.66,-,1,-,7,6,2019
SM Curran (KXIP),2019-2019,9,8,4,95,55*,23.75,55,172.72,-,1,1,13,3,2019
SO Hetmyer (RCB),2019-2019,5,5,-,90,75,18.00,73,123.28,-,1,1,4,7,2019
WP Saha (SRH),2019-2019,5,5,-,86,28,17.20,53,162.26,-,-,-,13,1,2019
C Munro (DC),2019-2019,4,4,-,84,40,21.00,70,120.00,-,-,-,9,4,2019
MJ Guptill (SRH),2019-2019,3,3,-,81,36,27.00,53,152.83,-,-,-,4,7,2019
DJ Bravo (CSK),2019-2019,12,9,4,80,27,16.00,66,121.21,-,-,-,6,3,2019
SE Rutherford (DC),2019-2019,7,7,2,73,28*,14.60,54,135.18,-,-,-,2,7,2019
LS Livingstone (RR),2019-2019,4,4,1,70,44,23.33,48,145.83,-,-,-,6,5,2019
STR Binny (RR),2019-2019,8,5,2,70,33*,23.33,40,175.00,-,-,1,5,4,2019
JC Archer (RR),2019-2019,11,5,3,67,27*,33.50,40,167.50,-,-,-,4,4,2019
M Vijay (CSK),2019-2019,2,2,-,64,38,32.00,61,104.91,-,-,-,6,1,2019
DJ Hooda (SRH),2019-2019,11,7,1,64,20,10.66,63,101.58,-,-,1,5,1,2019
S Gopal (RR),2019-2019,14,7,3,63,19*,15.75,46,136.95,-,-,2,8,1,2019
AD Nath (RCB),2019-2019,8,5,-,61,24,12.20,57,107.01,-,-,-,5,2,2019
E Lewis (MI),2019-2019,3,3,-,48,32,16.00,52,92.30,-,-,-,4,2,2019
C de Grandhomme (RCB),2019-2019,4,4,1,46,37,15.33,49,93.87,-,-,-,4,2,2019
PP Chawla (KKR),2019-2019,13,5,2,42,14*,14.00,37,113.51,-,-,-,4,2,2019
R Ashwin (KXIP),2019-2019,14,6,1,42,17*,8.40,28,150.00,-,-,2,3,3,2019
S Dube (RCB),2019-2019,4,4,1,40,24,13.33,33,121.21,-,-,-,1,3,2019
YK Pathan (SRH),2019-2019,10,8,5,40,16*,13.33,45,88.88,-,-,1,1,1,2019
RK Singh (KKR),2019-2019,5,3,1,37,30,18.50,34,108.82,-,-,-,1,2,2019
Rashid Khan (SRH),2019-2019,15,8,3,34,17*,6.80,23,147.82,-,-,3,2,2,2019
MJ Santner (CSK),2019-2019,4,2,1,32,22,32.00,23,139.13,-,-,-,0,3,2019
CH Morris (DC),2019-2019,9,6,-,32,17,5.33,37,86.48,-,-,3,1,2,2019
R Tewatia (DC),2019-2019,5,4,3,26,11*,26.00,22,118.18,-,-,-,2,1,2019
UT Yadav (RCB),2019-2019,11,7,5,25,14,12.50,25,100.00,-,-,-,3,1,2019
A Mishra (DC),2019-2019,11,4,2,21,8,10.50,24,87.50,-,-,-,2,0,2019
Harpreet Brar (KXIP),2019-2019,2,1,1,20,20*,0.00,12,166.66,-,-,-,2,1,2019
P Ray Barman (RCB),2019-2019,1,1,-,19,19,19.00,24,79.16,-,-,-,2,0,2019
BCJ Cutting (MI),2019-2019,3,3,1,18,13*,9.00,17,105.88,-,-,-,1,1,2019
K Gowtham (RR),2019-2019,7,4,1,18,9,6.00,19,94.73,-,-,-,1,1,2019
KMA Paul (DC),2019-2019,8,6,1,18,7,3.60,24,75.00,-,-,2,1,1,2019
Prabhsimran Singh (KXIP),2019-2019,1,1,-,16,16,16.00,17,94.11,-,-,-,1,1,2019
SD Lad (MI),2019-2019,1,1,-,15,15,15.00,13,115.38,-,-,-,1,1,2019
AS Joseph (MI),2019-2019,3,2,2,15,15*,0.00,13,115.38,-,-,-,2,0,2019
SN Thakur (CSK),2019-2019,10,3,1,14,12*,7.00,7,200.00,-,-,1,1,1,2019
K Rabada (DC),2019-2019,12,4,1,14,9,4.66,15,93.33,-,-,1,0,1,2019
Kuldeep Yadav (KKR),2019-2019,9,4,2,12,10*,6.00,8,150.00,-,-,2,1,0,2019
RD Chahar (MI),2019-2019,13,4,2,12,10,6.00,11,109.09,-,-,1,2,0,2019
B Kumar (SRH),2019-2019,15,5,2,12,7*,4.00,19,63.15,-,-,-,1,0,2019
CR Brathwaite (KKR),2019-2019,2,2,-,11,6,5.50,10,110.00,-,-,-,1,0,2019
MJ McClenaghan (MI),2019-2019,5,4,1,11,10,3.66,16,68.75,-,-,1,2,0,2019
I Sharma (DC),2019-2019,13,3,3,10,10*,0.00,3,333.33,-,-,-,1,1,2019
Shakib Al Hasan (SRH),2019-2019,3,1,-,9,9,9.00,10,90.00,-,-,-,0,0,2019
TG Southee (RCB),2019-2019,3,1,1,9,9*,0.00,9,100.00,-,-,-,0,0,2019
KC Cariappa (KKR),2019-2019,1,1,1,9,9*,0.00,3,300.00,-,-,-,0,1,2019
H Klaasen (RCB),2019-2019,3,2,-,9,6,4.50,10,90.00,-,-,-,0,0,2019
Abhishek Sharma (SRH),2019-2019,3,3,1,9,5*,4.50,9,100.00,-,-,-,1,0,2019
P Negi (RCB),2019-2019,7,4,-,9,5,2.25,12,75.00,-,-,2,1,0,2019
MK Lomror (RR),2019-2019,2,1,-,8,8,8.00,3,266.66,-,-,-,2,0,2019
NS Naik (KKR),2019-2019,1,1,-,7,7,7.00,16,43.75,-,-,-,1,0,2019
RK Bhui (SRH),2019-2019,1,1,-,7,7,7.00,12,58.33,-,-,-,0,0,2019
DL Chahar (CSK),2019-2019,17,2,-,7,7,3.50,9,77.77,-,-,1,1,0,2019
TA Boult (DC),2019-2019,5,3,2,7,6,7.00,4,175.00,-,-,-,0,1,2019
J Suchith (DC),2019-2019,1,1,-,6,6,6.00,15,40.00,-,-,-,0,0,2019
IS Sodhi (RR),2019-2019,2,1,-,6,6,6.00,11,54.54,-,-,-,0,0,2019
Sandeep Sharma (SRH),2019-2019,11,2,2,6,5*,0.00,3,200.00,-,-,-,1,0,2019
M Markande (MI),2019-2019,3,2,1,6,6,6.00,5,120.00,-,-,-,1,0,2019
YS Chahal (RCB),2019-2019,14,3,1,6,4,3.00,16,37.50,-,-,-,0,0,2019
DS Kulkarni (RR),2019-2019,10,1,1,5,5*,0.00,3,166.66,-,-,-,1,0,2019
KK Nair (KXIP),2019-2019,1,1,-,5,5,5.00,6,83.33,-,-,-,0,0,2019
DR Shorey (CSK),2019-2019,1,1,-,5,5,5.00,8,62.50,-,-,-,0,0,2019
Rasikh Salam (MI),2019-2019,1,1,1,5,5*,0.00,4,125.00,-,-,-,0,0,2019
Avesh Khan (DC),2019-2019,1,1,1,4,4*,0.00,3,133.33,-,-,-,1,0,2019
GH Vihari (DC),2019-2019,2,2,-,4,2,2.00,8,50.00,-,-,-,0,0,2019
Mohammed Siraj (RCB),2019-2019,9,4,3,4,3*,4.00,14,28.57,-,-,-,0,0,2019
VR Aaron (RR),2019-2019,5,1,1,3,3*,0.00,7,42.85,-,-,-,0,0,2019
BB Sran (MI),2019-2019,2,1,1,3,3*,0.00,3,100.00,-,-,-,0,0,2019
GC Viljoen (KXIP),2019-2019,6,3,1,3,2*,1.50,7,42.85,-,-,1,0,0,2019
M Ashwin (KXIP),2019-2019,10,3,2,3,1*,3.00,5,60.00,-,-,-,0,0,2019
AJ Turner (RR),2019-2019,4,4,1,3,3*,1.00,10,30.00,-,-,3,0,0,2019
NA Saini (RCB),2019-2019,13,2,1,2,2,2.00,4,50.00,-,-,-,0,0,2019
Harbhajan Singh (CSK),2019-2019,11,1,-,1,1,1.00,3,33.33,-,-,-,0,0,2019
HF Gurney (KKR),2019-2019,8,1,1,1,1*,0.00,5,20.00,-,-,-,0,0,2019
Basil Thampi (SRH),2019-2019,3,1,1,1,1*,0.00,1,100.00,-,-,-,0,0,2019
Mohammed Shami (KXIP),2019-2019,14,2,1,1,1*,1.00,2,50.00,-,-,1,0,0,2019
Washington Sundar (RCB),2019-2019,3,2,-,1,1,0.50,3,33.33,-,-,1,0,0,2019
JD Unadkat (RR),2019-2019,11,4,3,1,1,1.00,3,33.33,-,-,-,0,0,2019
JL Denly (KKR),2019-2019,1,1,-,-,-,0.00,1,0.00,-,-,1,0,0,2019
Imran Tahir (CSK),2019-2019,17,1,1,-,0*,0.00,0,0.00,-,-,-,0,0,2019
DW Steyn (RCB),2019-2019,2,1,1,-,0*,0.00,0,0.00,-,-,-,0,0,2019
SW Billings (CSK),2019-2019,1,1,-,-,-,0.00,4,0.00,-,-,1,0,0,2019
AJ Tye (KXIP),2019-2019,6,1,1,-,0*,0.00,2,0.00,-,-,-,0,0,2019
MM Sharma (CSK),2019-2019,1,1,1,-,0*,0.00,2,0.00,-,-,-,0,0,2019
M Prasidh Krishna (KKR),2019-2019,11,1,-,-,-,0.00,2,0.00,-,-,1,0,0,2019
KK Ahmed (SRH),2019-2019,9,1,-,-,-,0.00,1,0.00,-,-,1,0,0,2019
S Lamichhane (DC),2019-2019,6,1,-,-,-,0.00,1,0.00,-,-,1,0,0,2019
Y Prithvi Raj (KKR),2019-2019,2,1,1,-,0*,0.00,1,0.00,-,-,-,0,0,2019
S Kaul (SRH),2019-2019,7,2,1,-,0*,0.00,1,0.00,-,-,1,0,0,2019
HV Patel (DC),2019-2019,2,2,1,-,0*,0.00,2,0.00,-,-,1,0,0,2019
JJ Bumrah (MI),2019-2019,16,2,2,-,0*,0.00,1,0.00,-,-,-,0,0,2019
Mujeeb Ur Rahman (KXIP),2019-2019,5,3,2,-,0*,0.00,4,0.00,-,-,1,0,0,2019
KL Rahul (KXIP),2020-2020,14,14,2,670,132*,55.83,518,129.34,1,5,-,58,23,2020
S Dhawan (DC),2020-2020,17,17,3,618,106*,44.14,427,144.73,2,4,4,67,12,2020
DA Warner (SRH),2020-2020,16,16,2,548,85*,39.14,407,134.64,-,4,-,52,14,2020
SS Iyer (DC),2020-2020,17,17,2,519,88*,34.60,421,123.27,-,3,-,40,16,2020
Ishan Kishan (MI),2020-2020,14,13,4,516,99,57.33,354,145.76,-,4,1,36,30,2020
Q de Kock (MI),2020-2020,16,16,2,503,78*,35.92,358,140.50,-,4,1,46,22,2020
SA Yadav (MI),2020-2020,16,15,3,480,79*,40.00,331,145.01,-,4,2,61,11,2020
D Padikkal (RCB),2020-2020,15,15,-,473,74,31.53,379,124.80,-,5,-,51,8,2020
V Kohli (RCB),2020-2020,15,15,4,466,90*,42.36,384,121.35,-,3,-,23,11,2020
AB de Villiers (RCB),2020-2020,15,14,4,454,73*,45.40,286,158.74,-,5,1,33,23,2020
F du Plessis (CSK),2020-2020,13,13,2,449,87*,40.81,319,140.75,-,4,1,42,14,2020
Shubman Gill (KKR),2020-2020,14,14,1,440,70*,33.84,373,117.96,-,3,-,44,9,2020
MK Pandey (SRH),2020-2020,16,15,2,425,83*,32.69,333,127.62,-,3,-,35,18,2020
MA Agarwal (KXIP),2020-2020,11,11,-,424,106,38.54,271,156.45,1,2,-,44,15,2020
EJG Morgan (KKR),2020-2020,14,14,4,418,68*,41.80,302,138.41,-,1,-,32,24,2020
SV Samson (RR),2020-2020,14,14,1,375,85,28.84,236,158.89,-,3,2,21,26,2020
AT Rayudu (CSK),2020-2020,12,11,2,359,71,39.88,282,127.30,-,1,-,30,12,2020
N Pooran (KXIP),2020-2020,14,14,4,353,77,35.30,208,169.71,-,2,1,23,25,2020
N Rana (KKR),2020-2020,14,14,-,352,87,25.14,254,138.58,-,3,3,43,12,2020
MP Stoinis (DC),2020-2020,17,17,3,352,65,25.14,237,148.52,-,3,1,31,16,2020
JM Bairstow (SRH),2020-2020,11,11,-,345,97,31.36,272,126.83,-,3,1,31,13,2020
RR Pant (DC),2020-2020,14,14,3,343,56,31.18,301,113.95,-,1,-,31,9,2020
RG Sharma (MI),2020-2020,12,12,-,332,80,27.66,260,127.69,-,3,1,27,19,2020
JC Buttler (RR),2020-2020,13,12,2,328,70*,32.80,227,144.49,-,2,-,27,16,2020
KS Williamson (SRH),2020-2020,12,11,4,317,67,45.28,237,133.75,-,3,-,26,10,2020
SPD Smith (RR),2020-2020,14,14,2,311,69,25.91,237,131.22,-,3,-,32,9,2020
SR Watson (CSK),2020-2020,11,11,1,299,83*,29.90,247,121.05,-,2,-,33,13,2020
CH Gayle (KXIP),2020-2020,7,7,-,288,99,41.14,210,137.14,-,3,-,15,23,2020
BA Stokes (RR),2020-2020,8,8,1,285,107*,40.71,200,142.50,1,1,-,36,7,2020
HH Pandya (MI),2020-2020,14,13,5,281,60*,35.12,157,178.98,-,1,1,14,25,2020
AJ Finch (RCB),2020-2020,12,12,-,268,52,22.33,241,111.20,-,1,-,28,8,2020
KA Pollard (MI),2020-2020,16,12,7,268,60*,53.60,140,191.42,-,1,1,15,22,2020
R Tewatia (RR),2020-2020,14,11,5,255,53,42.50,183,139.34,-,1,-,13,17,2020
RA Jadeja (CSK),2020-2020,14,11,6,232,50,46.40,135,171.85,-,1,-,22,11,2020
RA Tripathi (KKR),2020-2020,11,11,1,230,81,23.00,181,127.07,-,1,-,21,10,2020
PP Shaw (DC),2020-2020,13,13,-,228,66,17.53,167,136.52,-,2,3,27,8,2020
WP Saha (SRH),2020-2020,4,4,1,214,87,71.33,153,139.86,-,2,-,24,5,2020
RD Gaikwad (CSK),2020-2020,6,6,2,204,72,51.00,169,120.71,-,3,2,16,6,2020
MS Dhoni (CSK),2020-2020,14,12,4,200,47*,25.00,172,116.27,-,-,-,16,7,2020
RV Uthappa (RR),2020-2020,12,12,-,196,41,16.33,164,119.51,-,-,-,19,7,2020
SM Curran (CSK),2020-2020,14,11,3,186,52,23.25,141,131.91,-,1,2,12,12,2020
SO Hetmyer (DC),2020-2020,12,11,3,185,45,23.12,125,148.00,-,-,-,11,12,2020
KD Karthik (KKR),2020-2020,14,14,2,169,58,14.08,134,126.11,-,1,3,20,4,2020
PJ Cummins (KKR),2020-2020,14,11,4,146,53*,20.85,114,128.07,-,1,-,9,8,2020
PK Garg (SRH),2020-2020,14,10,1,133,51*,14.77,111,119.81,-,1,1,9,4,2020
Mandeep Singh (KXIP),2020-2020,7,7,1,130,66*,21.66,109,119.26,-,1,2,10,4,2020
S Dube (RCB),2020-2020,11,9,2,129,27*,18.42,105,122.85,-,-,-,5,9,2020
SP Narine (KKR),2020-2020,10,9,-,121,64,13.44,85,142.35,-,1,2,10,8,2020
AD Russell (KKR),2020-2020,10,9,-,117,25,13.00,81,144.44,-,-,-,9,9,2020
AR Patel (DC),2020-2020,15,9,1,117,42,14.62,85,137.64,-,-,-,6,8,2020
AM Rahane (DC),2020-2020,9,8,-,113,60,14.12,107,105.60,-,1,2,12,2,2020
JC Archer (RR),2020-2020,14,10,4,113,27*,18.83,63,179.36,-,-,-,5,10,2020
Abdul Samad (SRH),2020-2020,12,8,3,111,33,22.20,65,170.76,-,-,-,8,6,2020
Washington Sundar (RCB),2020-2020,15,9,3,111,30,18.50,95,116.84,-,-,-,10,2,2020
KH Pandya (MI),2020-2020,16,12,6,109,34,18.16,92,118.47,-,-,1,9,5,2020
GJ Maxwell (KXIP),2020-2020,13,11,4,108,32,15.42,106,101.88,-,-,1,9,0,2020
SS Tiwary (MI),2020-2020,7,5,-,103,42,20.60,80,128.75,-,-,-,8,3,2020
DJ Hooda (KXIP),2020-2020,7,5,4,101,62*,101.00,71,142.25,-,1,1,5,5,2020
V Shankar (SRH),2020-2020,7,5,1,97,52*,24.25,96,101.04,-,1,1,10,1,2020
R Parag (RR),2020-2020,12,8,1,86,42*,12.28,77,111.68,-,-,2,6,3,2020
TK Curran (RR),2020-2020,5,4,3,83,54*,83.00,62,133.87,-,1,-,5,3,2020
JR Philippe (RCB),2020-2020,5,5,1,78,33,19.50,77,101.29,-,-,1,9,1,2020
Gurkeerat Singh (RCB),2020-2020,8,5,5,71,21*,0.00,80,88.75,-,-,-,8,0,2020
Abhishek Sharma (SRH),2020-2020,8,7,2,71,31,14.20,56,126.78,-,-,-,6,3,2020
JO Holder (SRH),2020-2020,7,4,2,66,26*,33.00,53,124.52,-,-,-,5,3,2020
KM Jadhav (CSK),2020-2020,8,5,2,62,26,20.66,66,93.93,-,-,-,7,0,2020
MK Lomror (RR),2020-2020,3,3,-,59,47,19.66,54,109.25,-,-,-,2,3,2020
K Rabada (DC),2020-2020,17,8,4,56,15*,14.00,49,114.28,-,-,1,4,2,2020
LH Ferguson (KKR),2020-2020,5,2,2,43,24*,0.00,29,148.27,-,-,-,4,1,2020
K Gowtham (KXIP),2020-2020,2,2,1,42,22*,42.00,27,155.55,-,-,-,3,2,2020
YBK Jaiswal (RR),2020-2020,3,3,-,40,34,13.33,44,90.90,-,-,1,2,2,2020
S Gopal (RR),2020-2020,14,5,1,37,23*,9.25,39,94.87,-,-,-,3,0,2020
R Ashwin (DC),2020-2020,15,6,3,37,14*,12.33,34,108.82,-,-,-,3,1,2020
Rashid Khan (SRH),2020-2020,16,7,3,35,14,8.75,30,116.66,-,-,1,3,2,2020
CH Morris (RCB),2020-2020,9,5,1,34,25*,8.50,21,161.90,-,-,1,2,3,2020
N Jagadeesan (CSK),2020-2020,5,2,-,33,33,16.50,29,113.79,-,-,1,4,0,2020
SN Khan (KXIP),2020-2020,5,3,1,33,14*,16.50,29,113.79,-,-,-,5,0,2020
M Vijay (CSK),2020-2020,3,3,-,32,21,10.66,43,74.41,-,-,-,4,0,2020
AT Carey (DC),2020-2020,3,3,1,32,14*,16.00,29,110.34,-,-,-,0,1,2020
CJ Jordan (KXIP),2020-2020,9,5,2,29,13,9.66,31,93.54,-,-,-,2,0,2020
NA Saini (RCB),2020-2020,13,3,2,27,12*,27.00,27,100.00,-,-,-,3,0,2020
NM Coulter-Nile (MI),2020-2020,7,2,1,25,24*,25.00,15,166.66,-,-,-,4,0,2020
KL Nagarkoti (KKR),2020-2020,10,6,3,22,8*,7.33,31,70.96,-,-,1,1,0,2020
HV Patel (DC),2020-2020,5,2,-,21,16,10.50,24,87.50,-,-,-,2,0,2020
TU Deshpande (DC),2020-2020,5,2,1,21,20*,21.00,12,175.00,-,-,-,2,1,2020
JDS Neesham (KXIP),2020-2020,5,3,1,19,10*,9.50,18,105.55,-,-,-,0,1,2020
T Banton (KKR),2020-2020,2,2,-,18,10,9.00,20,90.00,-,-,-,1,1,2020
Mohammed Siraj (RCB),2020-2020,9,3,2,17,10*,17.00,14,121.42,-,-,-,2,0,2020
KK Nair (KXIP),2020-2020,4,3,1,16,15*,8.00,14,114.28,-,-,1,2,0,2020
JL Pattinson (MI),2020-2020,10,2,1,15,11,15.00,13,115.38,-,-,-,2,0,2020
Prabhsimran Singh (KXIP),2020-2020,2,2,-,15,11,7.50,15,100.00,-,-,-,2,0,2020
I Udana (RCB),2020-2020,10,4,1,15,10*,5.00,11,136.36,-,-,1,1,1,2020
Imran Tahir (CSK),2020-2020,3,1,1,13,13*,0.00,10,130.00,-,-,-,2,0,2020
Kuldeep Yadav (KKR),2020-2020,5,2,1,13,12,13.00,21,61.90,-,-,-,1,0,2020
SN Thakur (CSK),2020-2020,9,2,1,12,11,12.00,21,57.14,-,-,-,0,0,2020
MM Ali (RCB),2020-2020,3,3,-,12,11,4.00,16,75.00,-,-,1,1,0,2020
Sandeep Sharma (SRH),2020-2020,13,5,3,12,9,6.00,15,80.00,-,-,1,1,0,2020
Mohammad Nabi (SRH),2020-2020,1,1,1,11,11*,0.00,8,137.50,-,-,-,2,0,2020
RK Singh (KKR),2020-2020,1,1,-,11,11,11.00,11,100.00,-,-,-,1,0,2020
Shivam Mavi (KKR),2020-2020,8,3,1,10,9,5.00,14,71.42,-,-,1,1,0,2020
CV Varun (KKR),2020-2020,13,3,1,10,7*,5.00,15,66.66,-,-,-,0,0,2020
JD Unadkat (RR),2020-2020,7,1,-,9,9,9.00,13,69.23,-,-,-,0,0,2020
AS Rajpoot (RR),2020-2020,6,2,1,9,7*,9.00,10,90.00,-,-,-,0,1,2020
P Dubey (DC),2020-2020,3,1,1,7,7*,0.00,13,53.84,-,-,-,0,0,2020
S Nadeem (SRH),2020-2020,7,2,1,7,5,7.00,8,87.50,-,-,-,1,0,2020
DJ Bravo (CSK),2020-2020,6,2,-,7,7,3.50,6,116.66,-,-,1,0,0,2020
DL Chahar (CSK),2020-2020,14,3,2,7,5*,7.00,12,58.33,-,-,1,0,0,2020
Ravi Bishnoi (KXIP),2020-2020,14,3,2,7,6*,7.00,12,58.33,-,-,-,1,0,2020
A Nortje (DC),2020-2020,16,5,4,7,3*,7.00,6,116.66,-,-,-,0,0,2020
AJ Tye (RR),2020-2020,1,1,-,6,6,6.00,6,100.00,-,-,-,0,1,2020
JJ Bumrah (MI),2020-2020,15,1,1,5,5*,0.00,3,166.66,-,-,-,0,0,2020
M Ashwin (KXIP),2020-2020,9,1,-,4,4,4.00,4,100.00,-,-,-,0,0,2020
Kartik Tyagi (RR),2020-2020,10,3,2,4,2*,4.00,6,66.66,-,-,-,0,0,2020
DS Kulkarni (MI),2020-2020,1,1,1,3,3*,0.00,2,150.00,-,-,-,0,0,2020
T Natarajan (SRH),2020-2020,16,3,3,3,3*,0.00,5,60.00,-,-,-,0,0,2020
RD Chahar (MI),2020-2020,15,1,1,2,2*,0.00,4,50.00,-,-,-,0,0,2020
M Prasidh Krishna (KKR),2020-2020,6,2,2,2,2*,0.00,4,50.00,-,-,-,0,0,2020
Mohammed Shami (KXIP),2020-2020,14,3,2,2,2*,2.00,3,66.66,-,-,1,0,0,2020
DW Steyn (RCB),2020-2020,3,1,1,1,1*,0.00,2,50.00,-,-,-,0,0,2020
NS Naik (KKR),2020-2020,1,1,-,1,1,1.00,3,33.33,-,-,-,0,0,2020
Mujeeb Ur Rahman (KXIP),2020-2020,2,1,-,1,1,1.00,3,33.33,-,-,-,0,0,2020
Shahbaz Ahmed (RCB),2020-2020,2,1,1,1,1*,0.00,1,100.00,-,-,-,0,0,2020
VR Aaron (RR),2020-2020,3,2,1,1,1,1.00,10,10.00,-,-,-,0,0,2020
YS Chahal (RCB),2020-2020,15,2,1,1,1,1.00,3,33.33,-,-,-,0,0,2020
MR Marsh (SRH),2020-2020,1,1,-,-,-,0.00,1,0.00,-,-,1,0,0,2020
TA Boult (MI),2020-2020,15,1,-,-,-,0.00,1,0.00,-,-,1,0,0,2020
DA Miller (RR),2020-2020,1,1,-,-,-,0.00,0,0.00,-,-,1,0,0,2020
B Kumar (SRH),2020-2020,4,1,-,-,-,0.00,2,0.00,-,-,1,0,0,2020
UT Yadav (RCB),2020-2020,2,1,-,-,-,0.00,2,0.00,-,-,1,0,0,2020
SS Cottrell (KXIP),2020-2020,6,1,-,-,-,0.00,2,0.00,-,-,1,0,0,2020
DR Sams (DC),2020-2020,3,1,-,-,-,0.00,2,0.00,-,-,1,0,0,2020
KK Ahmed (SRH),2020-2020,7,1,-,-,-,0.00,2,0.00,-,-,1,0,0,2020
Arshdeep Singh (KXIP),2020-2020,8,1,-,-,-,0.00,3,0.00,-,-,1,0,0,2020
SP Goswami (SRH),2020-2020,2,2,-,-,-,0.00,4,0.00,-,-,2,0,0,2020
RD Gaikwad (CSK),2021-2021,16,16,2,635,101*,45.35,466,136.26,1,4,-,64,23,2021
F du Plessis (CSK),2021-2021,16,16,2,633,95*,45.21,458,138.20,-,6,2,60,23,2021
KL Rahul (PBKS),2021-2021,13,13,3,626,98*,62.60,451,138.80,-,6,-,48,30,2021
S Dhawan (DC),2021-2021,16,16,1,587,92,39.13,471,124.62,-,3,-,63,16,2021
GJ Maxwell (RCB),2021-2021,15,14,2,513,78,42.75,356,144.10,-,6,1,48,21,2021
SV Samson (RR),2021-2021,14,14,2,484,119,40.33,354,136.72,1,2,-,45,17,2021
PP Shaw (DC),2021-2021,15,15,-,479,82,31.93,301,159.13,-,4,-,56,18,2021
Shubman Gill (KKR),2021-2021,17,17,-,478,57,28.11,402,118.90,-,3,1,50,12,2021
MA Agarwal (PBKS),2021-2021,12,12,1,441,99*,40.09,314,140.44,-,4,1,42,18,2021
RR Pant (DC),2021-2021,16,16,4,419,58*,34.91,326,128.52,-,3,-,42,10,2021
D Padikkal (RCB),2021-2021,14,14,1,411,101*,31.61,328,125.30,1,1,2,44,14,2021
V Kohli (RCB),2021-2021,15,15,1,405,72*,28.92,339,119.46,-,3,-,43,9,2021
RA Tripathi (KKR),2021-2021,17,16,2,397,74*,28.35,283,140.28,-,2,-,41,11,2021
N Rana (KKR),2021-2021,17,16,3,383,80,29.46,314,121.97,-,2,2,34,17,2021
RG Sharma (MI),2021-2021,13,13,-,381,63,29.30,299,127.42,-,1,-,33,14,2021
VR Iyer (KKR),2021-2021,10,10,1,370,67,41.11,288,128.47,-,4,-,37,14,2021
MM Ali (CSK),2021-2021,15,15,1,357,58,25.50,260,137.30,-,1,2,31,19,2021
SA Yadav (MI),2021-2021,14,14,-,317,82,22.64,221,143.43,-,2,1,40,10,2021
AB de Villiers (RCB),2021-2021,15,14,4,313,76*,31.30,211,148.34,-,2,1,23,16,2021
Q de Kock (MI),2021-2021,11,11,1,297,70*,29.70,256,116.01,-,2,-,29,7,2021
MK Pandey (SRH),2021-2021,8,8,2,292,69*,48.66,236,123.72,-,3,-,21,10,2021
KS Williamson (SRH),2021-2021,10,10,4,266,66*,44.33,235,113.19,-,2,-,29,2,2021
AT Rayudu (CSK),2021-2021,16,13,4,257,72*,28.55,170,151.17,-,2,1,16,17,2021
JC Buttler (RR),2021-2021,7,7,-,254,124,36.28,166,153.01,1,-,-,27,13,2021
YBK Jaiswal (RR),2021-2021,10,10,-,249,50,24.90,168,148.21,-,1,1,32,10,2021
JM Bairstow (SRH),2021-2021,7,7,1,248,63*,41.33,175,141.71,-,2,-,20,15,2021
KA Pollard (MI),2021-2021,14,13,5,245,87*,30.62,165,148.48,-,1,-,16,16,2021
SO Hetmyer (DC),2021-2021,14,13,6,242,53*,34.57,144,168.05,-,1,-,19,12,2021
Ishan Kishan (MI),2021-2021,10,10,1,241,84,26.77,180,133.88,-,2,-,21,10,2021
S Dube (RR),2021-2021,9,9,1,230,64*,28.75,193,119.17,-,1,-,18,10,2021
RA Jadeja (CSK),2021-2021,16,12,9,227,62*,75.66,156,145.51,-,1,-,19,9,2021
KD Karthik (KKR),2021-2021,17,15,5,223,40,22.30,170,131.17,-,-,1,22,7,2021
DA Warner (SRH),2021-2021,8,8,-,195,57,24.37,181,107.73,-,2,1,15,6,2021
CH Gayle (PBKS),2021-2021,10,10,1,193,46,21.44,154,125.32,-,-,1,21,8,2021
KS Bharat (RCB),2021-2021,8,7,2,191,78*,38.20,156,122.43,-,1,-,10,8,2021
AD Russell (KKR),2021-2021,10,9,2,183,54,26.14,120,152.50,-,1,-,14,14,2021
SS Iyer (DC),2021-2021,8,8,3,175,47*,35.00,171,102.33,-,-,-,7,5,2021
SK Raina (CSK),2021-2021,12,11,2,160,54,17.77,128,125.00,-,1,-,13,9,2021
DJ Hooda (PBKS),2021-2021,12,11,1,160,64,16.00,123,130.08,-,1,1,9,9,2021
R Tewatia (RR),2021-2021,14,11,1,155,44,15.50,147,105.44,-,-,-,11,6,2021
M Shahrukh Khan (PBKS),2021-2021,11,10,3,153,47,21.85,114,134.21,-,-,1,9,10,2021
SPD Smith (DC),2021-2021,8,7,1,152,39,25.33,135,112.59,-,-,-,13,2,2021
E Lewis (RR),2021-2021,5,5,-,151,58,30.20,93,162.36,-,1,-,18,7,2021
JJ Roy (SRH),2021-2021,5,5,-,150,60,30.00,121,123.96,-,1,-,21,1,2021
AK Markram (PBKS),2021-2021,6,6,1,146,42,29.20,119,122.68,-,-,-,12,4,2021
KH Pandya (MI),2021-2021,13,12,2,143,39,14.30,123,116.26,-,-,-,10,6,2021
EJG Morgan (KKR),2021-2021,17,16,4,133,47*,11.08,139,95.68,-,-,4,8,6,2021
WP Saha (SRH),2021-2021,9,9,-,131,44,14.55,140,93.57,-,-,1,7,5,2021
HH Pandya (MI),2021-2021,12,11,2,127,40*,14.11,112,113.39,-,-,1,11,5,2021
DA Miller (RR),2021-2021,9,8,3,124,62,24.80,113,109.73,-,1,1,11,3,2021
SS Tiwary (MI),2021-2021,5,4,2,115,50*,57.50,97,118.55,-,1,-,10,2,2021
RV Uthappa (CSK),2021-2021,4,4,-,115,63,28.75,84,136.90,-,1,-,8,5,2021
MS Dhoni (CSK),2021-2021,16,11,4,114,18*,16.28,107,106.54,-,-,1,12,3,2021
Abdul Samad (SRH),2021-2021,11,10,1,111,28,12.33,87,127.58,-,-,1,4,8,2021
Abhishek Sharma (SRH),2021-2021,8,7,1,98,33,16.33,75,130.66,-,-,-,7,4,2021
MK Lomror (RR),2021-2021,4,4,1,94,43,31.33,73,128.76,-,-,-,3,6,2021
PJ Cummins (KKR),2021-2021,7,5,2,93,66*,31.00,56,166.07,-,1,1,5,8,2021
R Parag (RR),2021-2021,11,10,2,93,25,11.62,83,112.04,-,-,1,6,4,2021
MP Stoinis (DC),2021-2021,10,7,3,89,27*,22.25,72,123.61,-,-,1,11,1,2021
JO Holder (SRH),2021-2021,8,7,1,85,47*,14.16,72,118.05,-,-,-,2,6,2021
N Pooran (PBKS),2021-2021,12,11,-,85,32,7.72,76,111.84,-,-,4,3,5,2021
Rashid Khan (SRH),2021-2021,14,10,2,83,22,10.37,69,120.28,-,-,3,9,2,2021
PK Garg (SRH),2021-2021,5,5,-,72,29,14.40,74,97.29,-,-,1,2,3,2021
RM Patidar (RCB),2021-2021,4,4,-,71,31,17.75,62,114.51,-,-,-,3,3,2021
Lalit Yadav (DC),2021-2021,7,5,3,68,22*,34.00,73,93.15,-,-,1,7,0,2021
CH Morris (RR),2021-2021,11,7,2,67,36*,13.40,49,136.73,-,-,2,2,5,2021
KA Jamieson (RCB),2021-2021,9,7,3,65,16*,16.25,55,118.18,-,-,-,5,3,2021
Harpreet Brar (PBKS),2021-2021,7,5,5,64,25*,0.00,58,110.34,-,-,-,3,2,2021
SP Narine (KKR),2021-2021,14,10,2,62,26,7.75,47,131.91,-,-,3,3,5,2021
Shahbaz Ahmed (RCB),2021-2021,11,7,-,59,14,8.42,53,111.32,-,-,-,4,2,2021
HV Patel (RCB),2021-2021,15,8,4,59,31,14.75,46,128.26,-,-,1,6,2,2021
V Shankar (SRH),2021-2021,7,5,-,58,28,11.60,52,111.53,-,-,-,1,3,2021
SM Curran (CSK),2021-2021,9,4,1,56,34,18.66,29,193.10,-,-,-,5,3,2021
KM Jadhav (SRH),2021-2021,6,5,1,55,19,13.75,52,105.76,-,-,-,2,2,2021
CA Lynn (MI),2021-2021,1,1,-,49,49,49.00,35,140.00,-,-,-,4,3,2021
DJ Bravo (CSK),2021-2021,11,3,2,47,23,47.00,18,261.11,-,-,-,3,4,2021
Shakib Al Hasan (KKR),2021-2021,8,6,1,47,26,9.40,48,97.91,-,-,2,3,1,2021
R Ashwin (DC),2021-2021,13,5,2,44,20*,14.66,42,104.76,-,-,-,2,1,2021
M Vohra (RR),2021-2021,4,4,-,42,14,10.50,39,107.69,-,-,-,5,2,2021
LS Livingstone (RR),2021-2021,5,5,-,42,25,8.40,41,102.43,-,-,-,3,1,2021
JD Unadkat (RR),2021-2021,6,3,1,41,24,20.50,29,141.37,-,-,-,3,2,2021
AR Patel (DC),2021-2021,12,6,1,40,12,8.00,46,86.95,-,-,1,2,1,2021
Mohammad Nabi (SRH),2021-2021,3,3,-,34,17,11.33,20,170.00,-,-,-,3,2,2021
J Yadav (MI),2021-2021,5,3,1,34,23,17.00,26,130.76,-,-,-,2,1,2021
B Kumar (SRH),2021-2021,11,7,6,34,14*,34.00,30,113.33,-,-,-,3,0,2021
CJ Jordan (PBKS),2021-2021,4,2,-,32,30,16.00,21,152.38,-,-,-,1,3,2021
MC Henriques (PBKS),2021-2021,5,4,2,31,14,15.50,32,96.87,-,-,-,0,1,2021
Washington Sundar (RCB),2021-2021,6,4,-,31,10,7.75,47,65.95,-,-,-,2,0,2021
DJ Malan (PBKS),2021-2021,1,1,-,26,26,26.00,26,100.00,-,-,-,1,1,2021
GD Phillips (RR),2021-2021,3,3,1,26,14*,13.00,33,78.78,-,-,-,1,2,2021
Shivam Mavi (KKR),2021-2021,9,2,-,25,20,12.50,20,125.00,-,-,-,2,2,2021
RV Patel (DC),2021-2021,2,2,1,25,18,25.00,27,92.59,-,-,-,3,0,2021
TK Curran (DC),2021-2021,3,2,1,21,21,21.00,17,123.52,-,-,-,2,0,2021
Mohammed Siraj (RCB),2021-2021,15,4,3,20,12*,20.00,26,76.92,-,-,-,1,1,2021
Prabhsimran Singh (PBKS),2021-2021,2,2,-,19,12,9.50,23,82.60,-,-,-,1,1,2021
NT Ellis (PBKS),2021-2021,3,2,1,18,12,18.00,16,112.50,-,-,-,0,1,2021
LH Ferguson (KKR),2021-2021,8,3,3,18,18*,0.00,11,163.63,-,-,-,1,1,2021
Anmolpreet Singh (MI),2021-2021,1,1,-,16,16,16.00,14,114.28,-,-,-,2,1,2021
AF Milne (MI),2021-2021,4,3,1,16,15,8.00,17,94.11,-,-,1,0,1,2021
C Sakariya (RR),2021-2021,14,6,1,16,7,3.20,25,64.00,-,-,1,2,0,2021
JJ Bumrah (MI),2021-2021,14,7,5,16,5*,8.00,17,94.11,-,-,1,2,0,2021
CR Woakes (DC),2021-2021,3,1,1,15,15*,0.00,11,136.36,-,-,-,2,0,2021
Mandeep Singh (PBKS),2021-2021,1,1,-,15,15,15.00,14,107.14,-,-,-,2,0,2021
M Ashwin (PBKS),2021-2021,3,2,-,15,9,7.50,24,62.50,-,-,-,1,0,2021
Virat Singh (SRH),2021-2021,3,2,-,15,11,7.50,26,57.69,-,-,-,1,0,2021
JA Richardson (PBKS),2021-2021,3,2,-,15,15,7.50,24,62.50,-,-,1,2,0,2021
J Suchith (SRH),2021-2021,2,1,1,14,14*,0.00,6,233.33,-,-,-,2,1,2021
RD Chahar (MI),2021-2021,11,5,-,14,8,2.80,15,93.33,-,-,3,1,0,2021
DT Christian (RCB),2021-2021,9,7,1,14,9,2.33,24,58.33,-,-,1,1,0,2021
K Rabada (DC),2021-2021,15,3,3,13,9*,0.00,6,216.66,-,-,-,2,0,2021
Mohammed Shami (PBKS),2021-2021,14,4,3,13,9*,13.00,17,76.47,-,-,-,0,0,2021
YS Chahal (RCB),2021-2021,15,2,2,10,8*,0.00,27,37.03,-,-,-,0,0,2021
AM Rahane (DC),2021-2021,2,1,-,8,8,8.00,8,100.00,-,-,-,1,0,2021
S Kaul (SRH),2021-2021,8,2,2,8,7*,0.00,8,100.00,-,-,-,1,0,2021
Sandeep Sharma (SRH),2021-2021,7,2,1,8,8*,8.00,7,114.28,-,-,1,1,0,2021
Mustafizur Rahman (RR),2021-2021,14,5,5,8,8*,0.00,14,57.14,-,-,-,0,1,2021
Sachin Baby (RCB),2021-2021,1,1,-,7,7,7.00,17,41.17,-,-,-,0,0,2021
S Gopal (RR),2021-2021,3,2,1,7,7*,7.00,5,140.00,-,-,1,0,1,2021
DR Sams (RCB),2021-2021,2,2,1,6,3*,6.00,6,100.00,-,-,-,0,0,2021
FA Allen (PBKS),2021-2021,4,3,2,6,6,6.00,12,50.00,-,-,-,0,0,2021
Avesh Khan (DC),2021-2021,16,1,-,5,5,5.00,3,166.66,-,-,-,1,0,2021
SN Thakur (CSK),2021-2021,16,4,2,5,3*,2.50,5,100.00,-,-,1,0,0,2021
Harbhajan Singh (KKR),2021-2021,3,2,2,4,2*,0.00,4,100.00,-,-,-,0,0,2021
NM Coulter-Nile (MI),2021-2021,5,2,-,4,3,2.00,5,80.00,-,-,-,0,0,2021
TG Southee (KKR),2021-2021,3,1,-,3,3,3.00,5,60.00,-,-,-,0,0,2021
T Shamsi (RR),2021-2021,1,1,1,2,2*,0.00,4,50.00,-,-,-,0,0,2021
TL Seifert (KKR),2021-2021,1,1,-,2,2,2.00,4,50.00,-,-,-,0,0,2021
NA Saini (RCB),2021-2021,2,1,-,2,2,2.00,4,50.00,-,-,-,0,0,2021
Kartik Tyagi (RR),2021-2021,4,2,1,2,1*,2.00,4,50.00,-,-,-,0,0,2021
Arshdeep Singh (PBKS),2021-2021,12,2,2,2,1*,0.00,3,66.66,-,-,-,0,0,2021
GHS Garton (RCB),2021-2021,5,3,2,2,2*,2.00,4,50.00,-,-,1,0,0,2021
CV Varun (KKR),2021-2021,17,3,2,2,2*,2.00,4,50.00,-,-,1,0,0,2021
TH David (RCB),2021-2021,1,1,-,1,1,1.00,3,33.33,-,-,-,0,0,2021
KK Ahmed (SRH),2021-2021,7,1,-,1,1,1.00,2,50.00,-,-,-,0,0,2021
Mujeeb Ur Rahman (SRH),2021-2021,1,1,1,1,1*,0.00,1,100.00,-,-,-,0,0,2021
Ravi Bishnoi (PBKS),2021-2021,9,1,-,1,1,1.00,4,25.00,-,-,-,0,0,2021
DL Chahar (CSK),2021-2021,15,2,2,1,1*,0.00,1,100.00,-,-,-,0,0,2021
PW Hasaranga (RCB),2021-2021,2,2,1,1,1*,1.00,2,50.00,-,-,1,0,0,2021
TA Boult (MI),2021-2021,14,4,4,1,1*,0.00,4,25.00,-,-,-,0,0,2021
S Nadeem (SRH),2021-2021,1,1,-,-,-,0.00,1,0.00,-,-,1,0,0,2021
PP Chawla (MI),2021-2021,1,1,-,-,-,0.00,2,0.00,-,-,1,0,0,2021
DS Kulkarni (MI),2021-2021,1,1,1,-,0*,0.00,0,0.00,-,-,-,0,0,2021
BA Stokes (RR),2021-2021,1,1,-,-,-,0.00,3,0.00,-,-,1,0,0,2021
T Natarajan (SRH),2021-2021,2,1,1,-,0*,0.00,0,0.00,-,-,-,0,0,2021
RP Meredith (PBKS),2021-2021,5,1,1,-,0*,0.00,0,0.00,-,-,-,0,0,2021
KL Nagarkoti (KKR),2021-2021,1,1,-,-,-,0.00,2,0.00,-,-,1,0,0,2021
Anuj Rawat (RR),2021-2021,2,1,-,-,-,0.00,1,0.00,-,-,1,0,0,2021
K Yadav (RR),2021-2021,1,1,1,-,0*,0.00,4,0.00,-,-,-,0,0,2021
JDS Neesham (MI),2021-2021,3,2,-,-,-,0.00,2,0.00,-,-,2,0,0,2021
SN Khan (PBKS),2021-2021,2,2,-,-,-,0.00,4,0.00,-,-,2,0,0,2021
JC Buttler (RR),2022-2022,17,17,2,863,116,57.53,579,149.05,4,4,-,83,45,2022
KL Rahul (LSG),2022-2022,15,15,3,616,103*,51.33,455,135.38,2,4,3,45,30,2022
Q de Kock (LSG),2022-2022,15,15,1,508,140*,36.28,341,148.97,1,3,-,47,23,2022
HH Pandya (GT),2022-2022,15,15,4,487,87*,44.27,371,131.26,-,4,-,49,12,2022
Shubman Gill (GT),2022-2022,16,16,2,483,96,34.50,365,132.32,-,4,2,51,11,2022
DA Miller (GT),2022-2022,16,16,9,481,94*,68.71,337,142.72,-,2,-,32,23,2022
F du Plessis (RCB),2022-2022,16,16,1,468,96,31.20,367,127.52,-,3,2,49,13,2022
S Dhawan (PBKS),2022-2022,14,14,2,460,88*,38.33,375,122.66,-,3,-,47,12,2022
SV Samson (RR),2022-2022,17,17,1,458,55,28.62,312,146.79,-,2,-,43,26,2022
DJ Hooda (LSG),2022-2022,15,14,-,451,59,32.21,330,136.66,-,4,-,36,18,2022
LS Livingstone (PBKS),2022-2022,14,14,2,437,70,36.41,240,182.08,-,4,-,29,34,2022
DA Warner (DC),2022-2022,12,12,3,432,92*,48.00,287,150.52,-,5,1,52,15,2022
Abhishek Sharma (SRH),2022-2022,14,14,-,426,75,30.42,320,133.12,-,2,1,47,13,2022
Ishan Kishan (MI),2022-2022,14,14,1,418,81*,32.15,348,120.11,-,3,1,45,11,2022
RA Tripathi (SRH),2022-2022,14,14,3,413,76,37.54,261,158.23,-,3,2,40,20,2022
SS Iyer (KKR),2022-2022,14,14,1,401,85,30.84,298,134.56,-,3,-,41,11,2022
NT Tilak Varma (MI),2022-2022,14,14,3,397,61,36.09,303,131.02,-,2,1,29,16,2022
AK Markram (SRH),2022-2022,14,12,4,381,68*,47.62,274,139.05,-,3,-,25,19,2022
D Padikkal (RR),2022-2022,17,17,-,376,54,22.11,306,122.87,-,1,1,40,14,2022
RD Gaikwad (CSK),2022-2022,14,14,-,368,99,26.28,291,126.46,-,3,2,33,14,2022
N Rana (KKR),2022-2022,14,14,1,361,57,27.76,251,143.82,-,2,1,29,22,2022
V Kohli (RCB),2022-2022,16,16,1,341,73,22.73,294,115.98,-,2,3,32,8,2022
RR Pant (DC),2022-2022,14,13,2,340,44,30.90,224,151.78,-,-,-,35,16,2022
AD Russell (KKR),2022-2022,14,12,3,335,70*,37.22,192,174.47,-,1,2,18,32,2022
RM Patidar (RCB),2022-2022,8,7,1,333,112*,55.50,218,152.75,1,2,-,27,18,2022
KD Karthik (RCB),2022-2022,16,16,10,330,66*,55.00,180,183.33,-,1,1,27,22,2022
WP Saha (GT),2022-2022,11,11,1,317,68,31.70,259,122.39,-,3,1,40,7,2022
SO Hetmyer (RR),2022-2022,15,15,8,314,59*,44.85,204,153.92,-,1,-,21,21,2022
N Pooran (SRH),2022-2022,14,13,5,306,64*,38.25,212,144.33,-,2,1,16,21,2022
SA Yadav (MI),2022-2022,8,8,1,303,68*,43.28,208,145.67,-,3,-,23,16,2022
GJ Maxwell (RCB),2022-2022,13,13,2,301,55,27.36,178,169.10,-,1,1,31,15,2022
S Dube (CSK),2022-2022,11,11,1,289,95*,28.90,185,156.21,-,2,1,22,16,2022
PP Shaw (DC),2022-2022,10,10,-,283,61,28.30,185,152.97,-,2,1,37,10,2022
AT Rayudu (CSK),2022-2022,13,11,-,274,78,24.90,224,122.32,-,1,-,25,15,2022
RG Sharma (MI),2022-2022,14,14,-,268,48,19.14,223,120.17,-,-,1,28,13,2022
YBK Jaiswal (RR),2022-2022,10,10,-,258,68,25.80,194,132.98,-,2,-,28,10,2022
JM Bairstow (PBKS),2022-2022,11,11,-,253,66,23.00,175,144.57,-,2,-,34,9,2022
DP Conway (CSK),2022-2022,7,7,1,252,87,42.00,173,145.66,-,3,1,22,12,2022
MR Marsh (DC),2022-2022,8,8,-,251,89,31.37,189,132.80,-,2,1,19,14,2022
R Powell (DC),2022-2022,14,12,2,250,67*,25.00,167,149.70,-,1,2,10,22,2022
MM Ali (CSK),2022-2022,10,10,-,244,93,24.40,177,137.85,-,1,2,24,11,2022
JM Sharma (PBKS),2022-2022,12,10,2,234,44,29.25,143,163.63,-,-,-,22,12,2022
MS Dhoni (CSK),2022-2022,14,13,6,232,50*,33.14,188,123.40,-,1,-,21,10,2022
RV Uthappa (CSK),2022-2022,12,11,-,230,88,20.90,171,134.50,-,2,1,19,14,2022
Shahbaz Ahmed (RCB),2022-2022,16,11,3,219,45,27.37,181,120.99,-,-,-,14,9,2022
R Tewatia (GT),2022-2022,16,12,5,217,43*,31.00,147,147.61,-,-,-,22,9,2022
KS Williamson (SRH),2022-2022,13,13,2,216,57,19.63,231,93.50,-,1,1,16,8,2022
PBB Rajapaksa (PBKS),2022-2022,9,9,-,206,43,22.88,129,159.68,-,-,-,16,13,2022
MA Agarwal (PBKS),2022-2022,13,12,-,196,52,16.33,160,122.50,-,1,1,23,6,2022
R Ashwin (RR),2022-2022,17,12,5,191,50,27.28,135,141.48,-,1,-,14,9,2022
TH David (MI),2022-2022,8,8,3,186,46,37.20,86,216.27,-,-,-,12,16,2022
KH Pandya (LSG),2022-2022,14,13,4,183,42,20.33,145,126.20,-,-,1,16,4,2022
R Parag (RR),2022-2022,17,14,3,183,56*,16.63,132,138.63,-,1,-,11,10,2022
AR Patel (DC),2022-2022,13,10,6,182,42*,45.50,120,151.66,-,-,-,12,10,2022
VR Iyer (KKR),2022-2022,12,12,1,182,50*,16.54,169,107.69,-,1,1,17,7,2022
RK Singh (KKR),2022-2022,7,7,2,174,42*,34.80,117,148.71,-,-,-,17,7,2022
SW Billings (KKR),2022-2022,8,8,1,169,36,24.14,138,122.46,-,-,-,9,10,2022
D Brevis (MI),2022-2022,7,7,-,161,49,23.00,113,142.47,-,-,-,14,11,2022
Lalit Yadav (DC),2022-2022,12,8,1,161,48*,23.00,146,110.27,-,-,-,11,7,2022
A Badoni (LSG),2022-2022,13,11,3,161,54,20.12,130,123.84,-,1,1,11,7,2022
MS Wade (GT),2022-2022,10,10,-,157,35,15.70,138,113.76,-,-,-,23,2,2022
MP Stoinis (LSG),2022-2022,11,10,2,156,38*,19.50,106,147.16,-,-,1,7,13,2022
B Sai Sudharsan (GT),2022-2022,5,5,1,145,65*,36.25,114,127.19,-,1,-,14,3,2022
KA Pollard (MI),2022-2022,11,11,1,144,25,14.40,134,107.46,-,-,1,6,9,2022
AM Rahane (KKR),2022-2022,7,7,-,133,44,19.00,128,103.90,-,-,-,14,4,2022
Anuj Rawat (RCB),2022-2022,8,8,-,129,66,16.12,118,109.32,-,1,3,10,7,2022
SN Thakur (DC),2022-2022,14,10,2,120,29*,15.00,87,137.93,-,-,-,7,7,2022
M Shahrukh Khan (PBKS),2022-2022,8,8,1,117,26,16.71,108,108.33,-,-,1,4,9,2022
RA Jadeja (CSK),2022-2022,10,10,4,116,26*,19.33,98,118.36,-,-,2,6,5,2022
A Manohar (GT),2022-2022,8,7,1,108,43,18.00,75,144.00,-,-,1,14,3,2022
Washington Sundar (SRH),2022-2022,9,7,-,101,40,14.42,69,146.37,-,-,-,9,3,2022
SN Khan (DC),2022-2022,6,5,2,91,36*,30.33,67,135.82,-,-,-,9,2,2022
Rashid Khan (GT),2022-2022,16,8,4,91,40,22.75,44,206.81,-,-,3,3,9,2022
MK Pandey (LSG),2022-2022,6,6,-,88,38,14.66,80,110.00,-,-,-,9,2,2022
AJ Finch (KKR),2022-2022,5,5,-,86,58,17.20,61,140.98,-,1,-,10,3,2022
MK Lomror (RCB),2022-2022,7,5,-,86,42,17.20,57,150.87,-,-,-,7,4,2022
RD Chahar (PBKS),2022-2022,13,8,2,77,25*,12.83,68,113.23,-,-,2,7,4,2022
E Lewis (LSG),2022-2022,6,5,2,73,55*,24.33,56,130.35,-,1,-,8,3,2022
SP Narine (KKR),2022-2022,14,10,2,71,22,8.87,40,177.50,-,-,3,6,6,2022
Shashank Singh (SRH),2022-2022,10,5,1,69,25*,17.25,47,146.80,-,-,-,5,4,2022
SS Prabhudessai (RCB),2022-2022,5,5,-,67,34,13.40,59,113.55,-,-,-,7,2,2022
PJ Cummins (KKR),2022-2022,5,5,1,63,56*,15.75,24,262.50,-,1,2,5,6,2022
JD Unadkat (MI),2022-2022,5,5,2,59,19*,19.66,37,159.45,-,-,-,4,3,2022
R Shepherd (SRH),2022-2022,3,3,1,58,26*,29.00,41,141.46,-,-,-,2,5,2022
JO Holder (LSG),2022-2022,12,8,2,58,16,9.66,44,131.81,-,-,-,2,6,2022
UT Yadav (KKR),2022-2022,12,7,3,55,21,13.75,40,137.50,-,-,2,4,4,2022
OF Smith (PBKS),2022-2022,6,6,3,51,25*,17.00,44,115.90,-,-,1,1,5,2022
Kuldeep Yadav (DC),2022-2022,14,7,6,48,16*,48.00,52,92.30,-,-,-,3,2,2022
K Rabada (PBKS),2022-2022,13,8,3,48,25,9.60,43,111.62,-,-,-,5,2,2022
PK Garg (SRH),2022-2022,2,2,-,46,42,23.00,33,139.39,-,-,-,4,2,2022
Ramandeep Singh (MI),2022-2022,5,4,2,45,14*,22.50,40,112.50,-,-,-,3,1,2022
D Pretorius (CSK),2022-2022,6,5,1,44,22,11.00,28,157.14,-,-,1,3,3,2022
HR Shokeen (MI),2022-2022,5,3,1,43,25,21.50,48,89.58,-,-,-,5,0,2022
HV Patel (RCB),2022-2022,15,8,3,43,11,8.60,39,110.25,-,-,1,4,2,2022
PVD Chameera (LSG),2022-2022,12,8,4,43,17,10.75,28,153.57,-,-,2,3,3,2022
N Jagadeesan (CSK),2022-2022,2,2,1,40,39*,40.00,37,108.10,-,-,-,3,1,2022
TA Boult (RR),2022-2022,16,8,6,40,17*,20.00,29,137.93,-,-,-,2,1,2022
PW Hasaranga (RCB),2022-2022,16,7,-,38,18,5.42,43,88.37,-,-,2,4,1,2022
DR Sams (MI),2022-2022,11,10,3,38,15,5.42,36,105.55,-,-,2,1,3,2022
R Dhawan (PBKS),2022-2022,6,4,2,37,21*,18.50,40,92.50,-,-,-,4,2,2022
DJ Mitchell (RR),2022-2022,2,2,-,33,17,16.50,44,75.00,-,-,-,1,0,2022
SE Rutherford (RCB),2022-2022,3,2,-,33,28,16.50,50,66.00,-,-,-,1,1,2022
JDS Neesham (RR),2022-2022,2,2,-,31,17,15.50,27,114.81,-,-,-,3,0,2022
Mohammed Siraj (RCB),2022-2022,15,5,3,30,14*,15.00,33,90.90,-,-,-,5,0,2022
TL Seifert (DC),2022-2022,2,2,-,24,21,12.00,19,126.31,-,-,-,4,0,2022
B Kumar (SRH),2022-2022,14,6,3,24,8,8.00,26,92.30,-,-,-,3,0,2022
Mohsin Khan (LSG),2022-2022,9,3,2,23,13*,23.00,16,143.75,-,-,-,2,1,2022
SP Jackson (KKR),2022-2022,5,5,1,23,8,5.75,26,88.46,-,-,1,0,1,2022
DJ Bravo (CSK),2022-2022,10,6,4,23,12,11.50,24,95.83,-,-,1,1,1,2022
HE van der Dussen (RR),2022-2022,3,3,1,22,12*,11.00,24,91.66,-,-,-,2,0,2022
Harpreet Brar (PBKS),2022-2022,5,3,-,22,14,7.33,25,88.00,-,-,-,1,2,2022
MJ Santner (CSK),2022-2022,6,4,2,22,11,11.00,27,81.48,-,-,-,3,0,2022
Avesh Khan (LSG),2022-2022,13,4,3,22,12,22.00,13,169.23,-,-,-,0,3,2022
B Indrajith (KKR),2022-2022,3,3,-,21,15,7.00,30,70.00,-,-,1,2,0,2022
Arshdeep Singh (PBKS),2022-2022,14,6,3,21,10*,7.00,29,72.41,-,-,2,3,0,2022
M Vohra (LSG),2022-2022,2,1,-,19,19,19.00,11,172.72,-,-,-,1,2,2022
V Shankar (GT),2022-2022,4,4,-,19,13,4.75,35,54.28,-,-,1,1,0,2022
DJ Willey (RCB),2022-2022,4,2,-,18,18,9.00,30,60.00,-,-,1,3,0,2022
Mandeep Singh (DC),2022-2022,3,3,-,18,18,6.00,23,78.26,-,-,2,4,0,2022
JR Hazlewood (RCB),2022-2022,12,5,5,18,7*,0.00,26,69.23,-,-,-,1,0,2022
KK Nair (RR),2022-2022,3,2,-,16,13,8.00,18,88.88,-,-,-,1,0,2022
Prabhsimran Singh (PBKS),2022-2022,1,1,-,14,14,14.00,11,127.27,-,-,-,2,0,2022
Anmolpreet Singh (MI),2022-2022,2,2,-,13,8,6.50,13,100.00,-,-,-,1,0,2022
CV Varun (KKR),2022-2022,11,4,4,12,10*,0.00,18,66.66,-,-,-,2,0,2022
M Ashwin (MI),2022-2022,8,5,2,12,6,4.00,14,85.71,-,-,1,1,1,2022
CJ Jordan (CSK),2022-2022,4,2,1,11,6*,11.00,8,137.50,-,-,-,0,0,2022
RA Bawa (PBKS),2022-2022,2,2,-,11,11,5.50,14,78.57,-,-,1,1,0,2022
S Gopal (SRH),2022-2022,1,1,1,9,9*,0.00,7,128.57,-,-,-,2,0,2022
M Jansen (SRH),2022-2022,8,3,2,9,8*,9.00,7,128.57,-,-,-,0,1,2022
FA Allen (MI),2022-2022,1,1,-,8,8,8.00,7,114.28,-,-,-,1,0,2022
OC McCoy (RR),2022-2022,7,1,-,8,8,8.00,5,160.00,-,-,-,0,1,2022
KS Bharat (DC),2022-2022,2,2,-,8,8,4.00,7,114.28,-,-,1,2,0,2022
SA Abbott (SRH),2022-2022,1,1,-,7,7,7.00,5,140.00,-,-,-,0,1,2022
Rasikh Salam (KKR),2022-2022,2,1,-,7,7,7.00,6,116.66,-,-,-,1,0,2022
Kartik Tyagi (SRH),2022-2022,2,2,-,7,7,3.50,6,116.66,-,-,1,1,0,2022
M Theekshana (CSK),2022-2022,9,2,1,7,7*,7.00,7,100.00,-,-,1,0,1,2022
Simarjeet Singh (CSK),2022-2022,6,3,2,7,3*,7.00,8,87.50,-,-,-,0,0,2022
RV Patel (DC),2022-2022,2,1,-,6,6,6.00,3,200.00,-,-,-,0,1,2022
Mukesh Choudhary (CSK),2022-2022,13,2,1,6,4,6.00,6,100.00,-,-,-,1,0,2022
M Prasidh Krishna (RR),2022-2022,17,3,2,6,4*,6.00,12,50.00,-,-,-,0,0,2022
Aman Hakim Khan (KKR),2022-2022,1,1,-,5,5,5.00,3,166.66,-,-,-,1,0,2022
YS Chahal (RR),2022-2022,17,2,1,5,5,5.00,8,62.50,-,-,-,0,0,2022
LH Ferguson (GT),2022-2022,13,3,1,5,5,2.50,4,125.00,-,-,1,1,0,2022
AS Joseph (GT),2022-2022,9,3,2,5,4*,5.00,7,71.42,-,-,1,0,0,2022
VG Arora (PBKS),2022-2022,5,4,2,5,2*,2.50,13,38.46,-,-,1,0,0,2022
PN Mankad (PBKS),2022-2022,1,1,1,4,4*,0.00,1,400.00,-,-,-,1,0,2022
A Tomar (KKR),2022-2022,1,1,-,4,4,4.00,8,50.00,-,-,-,1,0,2022
KS Sharma (LSG),2022-2022,1,1,-,4,4,4.00,4,100.00,-,-,-,1,0,2022
Abdul Samad (SRH),2022-2022,2,2,-,4,4,2.00,7,57.14,-,-,1,0,0,2022
Umran Malik (SRH),2022-2022,14,4,3,4,3*,4.00,8,50.00,-,-,1,0,0,2022
Shubman Gill (GT),2023-2023,17,17,2,890,129,59.33,564,157.80,3,4,1,85,33,2023
F du Plessis (RCB),2023-2023,14,14,1,730,84,56.15,475,153.68,-,8,-,60,36,2023
DP Conway (CSK),2023-2023,16,15,2,672,92*,51.69,481,139.70,-,6,1,77,18,2023
V Kohli (RCB),2023-2023,14,14,2,639,101*,53.25,457,139.82,2,6,1,65,16,2023
YBK Jaiswal (RR),2023-2023,14,14,1,625,124,48.07,382,163.61,1,5,1,82,26,2023
SA Yadav (MI),2023-2023,16,16,2,605,103*,43.21,334,181.13,1,5,1,65,28,2023
RD Gaikwad (CSK),2023-2023,16,15,1,590,92,42.14,400,147.50,-,4,-,46,30,2023
DA Warner (DC),2023-2023,14,14,-,516,86,36.85,392,131.63,-,6,2,69,10,2023
RK Singh (KKR),2023-2023,14,14,6,474,67*,59.25,317,149.52,-,4,-,31,29,2023
Ishan Kishan (MI),2023-2023,16,15,-,454,75,30.26,318,142.76,-,3,-,54,18,2023
C Green (MI),2023-2023,16,16,7,452,100*,50.22,282,160.28,1,2,-,40,22,2023
H Klaasen (SRH),2023-2023,12,11,2,448,104,49.77,253,177.07,1,2,-,32,25,2023
S Dube (CSK),2023-2023,16,14,3,418,52,38.00,264,158.33,-,3,-,12,35,2023
N Rana (KKR),2023-2023,14,14,1,413,75,31.76,293,140.95,-,3,-,39,20,2023
MP Stoinis (LSG),2023-2023,15,15,2,408,89*,31.38,272,150.00,-,3,2,28,27,2023
VR Iyer (KKR),2023-2023,14,14,-,404,104,28.85,277,145.84,1,2,1,32,21,2023
GJ Maxwell (RCB),2023-2023,14,14,2,400,77,33.33,218,183.48,-,5,2,29,31,2023
JC Buttler (RR),2023-2023,14,14,-,392,95,28.00,282,139.00,-,4,5,42,14,2023
KR Mayers (LSG),2023-2023,13,13,-,379,73,29.15,263,144.10,-,4,2,38,22,2023
S Dhawan (PBKS),2023-2023,11,11,2,373,99*,41.44,261,142.91,-,3,1,49,12,2023
WP Saha (GT),2023-2023,17,17,1,371,81,23.18,287,129.26,-,2,2,47,8,2023
B Sai Sudharsan (GT),2023-2023,8,8,1,362,96,51.71,256,141.40,-,3,-,33,12,2023
SV Samson (RR),2023-2023,14,14,2,362,66*,30.16,236,153.38,-,3,2,25,24,2023
Prabhsimran Singh (PBKS),2023-2023,14,14,-,358,103,25.57,238,150.42,1,1,2,38,19,2023
N Pooran (LSG),2023-2023,15,15,3,358,62,29.83,207,172.94,-,2,2,26,26,2023
HH Pandya (GT),2023-2023,16,15,4,346,66,31.45,253,136.75,-,2,-,26,15,2023
NT Tilak Varma (MI),2023-2023,11,11,3,343,84*,42.87,209,164.11,-,1,-,26,23,2023
RG Sharma (MI),2023-2023,16,16,-,332,65,20.75,250,132.80,-,2,2,35,17,2023
AM Rahane (CSK),2023-2023,14,11,1,326,71*,32.60,189,172.48,-,2,-,24,16,2023
JM Sharma (PBKS),2023-2023,14,14,1,309,49*,23.76,198,156.06,-,-,1,22,21,2023
V Shankar (GT),2023-2023,14,10,2,301,63*,37.62,188,160.10,-,3,-,27,15,2023
SO Hetmyer (RR),2023-2023,14,13,5,299,56*,37.37,197,151.77,-,1,-,12,23,2023
JJ Roy (KKR),2023-2023,8,8,-,285,61,35.62,188,151.59,-,2,-,36,12,2023
AR Patel (DC),2023-2023,14,13,3,283,54,28.30,203,139.40,-,1,-,21,15,2023
LS Livingstone (PBKS),2023-2023,9,9,1,279,94,34.87,171,163.15,-,2,-,20,19,2023
SM Curran (PBKS),2023-2023,14,13,3,276,55,27.60,203,135.96,-,1,-,20,13,2023
KL Rahul (LSG),2023-2023,9,9,1,274,74,34.25,242,113.22,-,2,-,28,4,2023
RA Tripathi (SRH),2023-2023,13,13,1,273,74*,22.75,213,128.16,-,1,1,29,10,2023
MA Agarwal (SRH),2023-2023,10,10,-,270,83,27.00,210,128.57,-,1,-,29,6,2023
D Padikkal (RR),2023-2023,11,11,1,261,52,26.10,200,130.50,-,2,-,31,6,2023
DA Miller (GT),2023-2023,16,13,5,259,46,32.37,178,145.50,-,-,1,18,13,2023
AK Markram (SRH),2023-2023,13,13,2,248,50,22.54,197,125.88,-,1,1,18,8,2023
N Wadhera (MI),2023-2023,14,10,1,241,64,26.77,166,145.18,-,2,1,23,12,2023
A Badoni (LSG),2023-2023,15,12,2,238,59*,23.80,172,138.37,-,1,-,13,12,2023
TH David (MI),2023-2023,16,15,6,231,45*,25.66,146,158.21,-,-,2,12,15,2023
Rahmanullah Gurbaz (KKR),2023-2023,11,11,-,227,81,20.63,170,133.52,-,2,2,17,15,2023
AD Russell (KKR),2023-2023,14,14,3,227,42,20.63,156,145.51,-,-,1,13,18,2023
Abhishek Sharma (SRH),2023-2023,11,11,-,226,67,20.54,157,143.94,-,2,1,28,6,2023
PD Salt (DC),2023-2023,9,9,1,218,87,27.25,133,163.90,-,2,2,24,10,2023
RR Rossouw (DC),2023-2023,9,9,2,209,82*,29.85,141,148.22,-,1,2,17,11,2023
HC Brook (SRH),2023-2023,11,11,2,190,100*,21.11,154,123.37,1,-,3,23,4,2023
RA Jadeja (CSK),2023-2023,16,12,4,190,25*,23.75,133,142.85,-,-,-,11,9,2023
KH Pandya (LSG),2023-2023,15,14,4,188,49*,18.80,165,113.93,-,-,3,15,6,2023
A Taide (PBKS),2023-2023,7,7,-,186,66,26.57,129,144.18,-,2,1,20,6,2023
Abdul Samad (SRH),2023-2023,9,8,4,169,37*,42.25,128,132.03,-,-,-,10,11,2023
MK Pandey (DC),2023-2023,10,9,-,160,50,17.77,146,109.58,-,1,2,15,3,2023
AT Rayudu (CSK),2023-2023,16,12,2,158,27*,15.80,113,139.82,-,-,1,10,9,2023
M Shahrukh Khan (PBKS),2023-2023,14,13,6,156,41*,22.28,94,165.95,-,-,-,13,9,2023
DC Jurel (RR),2023-2023,13,11,4,152,34*,21.71,88,172.72,-,-,1,11,9,2023
Q de Kock (LSG),2023-2023,4,4,-,143,70,35.75,102,140.19,-,1,-,10,8,2023
KD Karthik (RCB),2023-2023,13,13,1,140,30,11.66,104,134.61,-,-,4,13,5,2023
Sikandar Raza (PBKS),2023-2023,7,7,2,139,57,27.80,98,141.83,-,1,-,10,6,2023
MK Lomror (RCB),2023-2023,12,10,2,135,54*,16.87,97,139.17,-,1,1,9,8,2023
Rashid Khan (GT),2023-2023,17,9,5,130,79*,32.50,60,216.66,-,1,2,8,13,2023
MR Marsh (DC),2023-2023,9,9,-,128,63,14.22,97,131.95,-,1,2,11,7,2023
MM Ali (CSK),2023-2023,15,10,3,124,23,17.71,91,136.26,-,-,-,12,6,2023
MW Short (PBKS),2023-2023,6,6,-,117,36,19.50,92,127.17,-,-,-,15,4,2023
A Manohar (GT),2023-2023,9,6,-,114,42,19.00,83,137.34,-,-,-,6,7,2023
SN Thakur (KKR),2023-2023,11,10,2,113,68,14.12,70,161.42,-,1,2,13,4,2023
Aman Hakim Khan (DC),2023-2023,11,9,1,110,51,13.75,101,108.91,-,1,1,7,6,2023
PP Shaw (DC),2023-2023,8,8,-,106,54,13.25,85,124.70,-,1,2,16,1,2023
Anmolpreet Singh (SRH),2023-2023,4,4,-,105,36,26.25,82,128.04,-,-,-,15,2,2023
MS Dhoni (CSK),2023-2023,16,12,8,104,32*,26.00,57,182.45,-,-,1,3,10,2023
PN Mankad (LSG),2023-2023,5,5,2,93,64*,31.00,72,129.16,-,1,1,12,2,2023
Anuj Rawat (RCB),2023-2023,9,7,4,91,29*,30.33,71,128.16,-,-,-,6,4,2023
N Jagadeesan (KKR),2023-2023,6,6,-,89,36,14.83,81,109.87,-,-,1,14,1,2023
R Tewatia (GT),2023-2023,17,10,6,87,20*,21.75,57,152.63,-,-,-,3,7,2023
DJ Hooda (LSG),2023-2023,12,12,1,84,17,7.63,90,93.33,-,-,-,3,2,2023
R Parag (RR),2023-2023,7,7,1,78,20,13.00,66,118.18,-,-,-,4,5,2023
Harpreet Singh (PBKS),2023-2023,3,3,-,76,41,25.33,59,128.81,-,-,-,8,3,2023
PBB Rajapaksa (PBKS),2023-2023,4,4,1,71,50,23.66,62,114.51,-,1,1,6,2,2023
Vivrant Sharma (SRH),2023-2023,3,1,-,69,69,69.00,47,146.80,-,1,-,9,2,2023
R Ashwin (RR),2023-2023,13,10,4,67,30,11.16,51,131.37,-,-,2,5,3,2023
Lalit Yadav (DC),2023-2023,6,6,1,66,38,13.20,59,111.86,-,-,-,8,0,2023
K Gowtham (LSG),2023-2023,7,7,3,61,23,15.25,37,164.86,-,-,-,2,5,2023
Washington Sundar (SRH),2023-2023,7,5,1,60,24*,15.00,60,100.00,-,-,-,6,0,2023
MG Bracewell (RCB),2023-2023,5,4,2,58,26,29.00,47,123.40,-,-,-,6,1,2023
SN Khan (DC),2023-2023,4,4,-,53,30,13.25,62,85.48,-,-,-,4,1,2023
Harpreet Brar (PBKS),2023-2023,13,8,2,52,17*,8.66,41,126.82,-,-,1,5,2,2023
RV Patel (DC),2023-2023,5,4,1,49,23,16.33,43,113.95,-,-,-,3,1,2023
B Kumar (SRH),2023-2023,14,6,3,42,27,14.00,47,89.36,-,-,-,4,0,2023
Shahbaz Ahmed (RCB),2023-2023,10,6,2,42,20*,10.50,39,107.69,-,-,-,3,1,2023
GD Phillips (SRH),2023-2023,5,5,-,39,25,7.80,22,177.27,-,-,1,2,4,2023
M Jansen (SRH),2023-2023,8,6,3,39,17*,13.00,43,90.69,-,-,-,4,0,2023
Vishnu Vinod (MI),2023-2023,3,3,-,37,30,12.33,31,119.35,-,-,-,2,2,2023
A Nortje (DC),2023-2023,10,7,4,37,23*,12.33,29,127.58,-,-,1,6,0,2023
DJ Willey (RCB),2023-2023,4,3,3,35,20*,0.00,32,109.37,-,-,-,4,0,2023
SS Prabhudessai (RCB),2023-2023,5,4,-,35,19,8.75,29,120.68,-,-,1,1,2,2023
Abishek Porel (DC),2023-2023,4,4,-,33,20,8.25,31,106.45,-,-,-,1,2,2023
PW Hasaranga (RCB),2023-2023,8,5,3,33,12*,16.50,28,117.85,-,-,-,3,0,2023
Kuldeep Yadav (DC),2023-2023,14,10,8,31,10*,15.50,48,64.58,-,-,2,2,0,2023
MD Shanaka (GT),2023-2023,3,3,1,26,17,13.00,26,100.00,-,-,1,2,1,2023
T Stubbs (MI),2023-2023,2,2,-,25,20,12.50,31,80.64,-,-,-,2,0,2023
PP Chawla (MI),2023-2023,16,4,2,25,18,12.50,22,113.63,-,-,1,1,1,2023
HR Shokeen (MI),2023-2023,8,3,2,23,18*,23.00,17,135.29,-,-,-,4,0,2023
AS Roy (KKR),2023-2023,4,4,2,23,13*,11.50,19,121.05,-,-,1,3,0,2023
AU Rashid (SRH),2023-2023,2,2,-,22,18,11.00,16,137.50,-,-,-,2,1,2023
PK Garg (DC),2023-2023,2,2,-,22,12,11.00,23,95.65,-,-,-,1,0,2023
D Wiese (KKR),2023-2023,3,3,2,21,12*,21.00,11,190.90,-,-,-,0,3,2023
M Markande (SRH),2023-2023,10,3,3,21,18*,0.00,13,161.53,-,-,-,2,1,2023
SP Narine (KKR),2023-2023,14,10,3,21,7*,3.00,25,84.00,-,-,3,2,1,2023
R Dhawan (PBKS),2023-2023,6,3,1,20,19,10.00,12,166.66,-,-,-,1,1,2023
Ravi Bishnoi (LSG),2023-2023,15,7,4,20,5,6.66,27,74.07,-,-,-,1,0,2023
A Mishra (LSG),2023-2023,7,1,-,19,19,19.00,30,63.33,-,-,-,2,0,2023
Umran Malik (SRH),2023-2023,8,2,1,19,19*,19.00,8,237.50,-,-,1,1,2,2023
UT Yadav (KKR),2023-2023,8,5,3,19,6*,9.50,18,105.55,-,-,-,1,0,2023
Arshad Khan (MI),2023-2023,6,3,1,18,15*,9.00,15,120.00,-,-,-,0,1,2023
Akash Deep (RCB),2023-2023,2,1,-,17,17,17.00,8,212.50,-,-,-,2,1,2023
AJ Hosein (SRH),2023-2023,1,1,1,16,16*,0.00,10,160.00,-,-,-,1,1,2023
P Dubey (DC),2023-2023,1,1,-,16,16,16.00,20,80.00,-,-,-,2,0,2023
Naveen-ul-Haq (LSG),2023-2023,8,3,2,16,13,16.00,21,76.19,-,-,-,2,0,2023
YV Dhull (DC),2023-2023,4,3,-,16,13,5.33,23,69.56,-,-,-,1,0,2023
TA Boult (RR),2023-2023,10,4,3,16,15,16.00,14,114.28,-,-,-,1,1,2023
BA Stokes (CSK),2023-2023,2,2,-,15,8,7.50,14,107.14,-,-,-,2,0,2023
Mandeep Singh (KKR),2023-2023,3,3,-,14,12,4.66,16,87.50,-,-,1,0,1,2023
AS Tendulkar (MI),2023-2023,4,1,-,13,13,13.00,9,144.44,-,-,-,0,1,2023
V Vyshak (RCB),2023-2023,7,2,1,13,13*,13.00,9,144.44,-,-,1,0,1,2023
KM Jadhav (RCB),2023-2023,2,1,1,12,12*,0.00,10,120.00,-,-,-,1,0,2023
KS Sharma (LSG),2023-2023,2,2,-,12,9,6.00,21,57.14,-,-,-,0,0,2023
JO Holder (RR),2023-2023,8,3,1,12,11,6.00,11,109.09,-,-,1,0,1,2023
MA Wood (LSG),2023-2023,4,2,1,11,10*,11.00,5,220.00,-,-,-,1,1,2023
Sanvir Singh (SRH),2023-2023,2,2,1,11,7,11.00,9,122.22,-,-,-,1,1,2023
JE Root (RR),2023-2023,3,1,-,10,10,10.00,15,66.66,-,-,-,1,0,2023
M Vohra (LSG),2023-2023,1,1,-,10,10,10.00,11,90.90,-,-,-,1,0,2023
A Zampa (RR),2023-2023,6,3,-,10,7,3.33,16,62.50,-,-,-,0,0,2023
JD Unadkat (LSG),2023-2023,3,1,-,9,9,9.00,7,128.57,-,-,-,1,0,2023
Noor Ahmad (GT),2023-2023,13,3,1,8,7*,4.00,9,88.88,-,-,1,1,0,2023
AS Joseph (GT),2023-2023,7,2,2,7,7*,0.00,12,58.33,-,-,-,1,0,2023
R Powell (DC),2023-2023,3,3,-,7,4,2.33,9,77.77,-,-,-,1,0,2023
Mukesh Kumar (DC),2023-2023,10,3,3,7,6*,0.00,9,77.77,-,-,-,0,0,2023
K Kartikeya (MI),2023-2023,8,1,-,6,6,6.00,7,85.71,-,-,-,1,0,2023
JP Behrendorff (MI),2023-2023,12,2,2,6,3*,0.00,9,66.66,-,-,-,0,0,2023
CJ Jordan (MI),2023-2023,6,2,-,6,4,3.00,12,50.00,-,-,-,0,0,2023
HV Patel (RCB),2023-2023,14,2,-,6,6,3.00,6,100.00,-,-,1,0,1,2023
Mohammed Shami (GT),2023-2023,17,2,-,5,5,2.50,6,83.33,-,-,1,1,0,2023
Litton Das (KKR),2023-2023,1,1,-,4,4,4.00,4,100.00,-,-,-,1,0,2023
JC Archer (MI),2023-2023,5,2,2,4,3*,0.00,4,100.00,-,-,-,0,0,2023
C Sakariya (DC),2023-2023,2,2,1,4,4,4.00,6,66.66,-,-,-,1,0,2023
KV Sharma (RCB),2023-2023,7,2,-,3,2,1.50,5,60.00,-,-,-,0,0,2023
VG Arora (KKR),2023-2023,5,2,2,3,2*,0.00,2,150.00,-,-,-,0,0,2023
